Bernouilli->Bernoulli
Blitzkreig->Blitzkrieg
Bonnano->Bonanno
Brasillian->Brazilian
Britian->Britain
Brittish->British
Buddah->Buddha
Buddist->Buddhist
Cambrige->Cambridge
Capetown->Cape Town
Carmalite->Carmelite
Carnagie->Carnegie
Carnigie->Carnegie
Carribbean->Caribbean
Carribean->Caribbean
Carthagian->Carthaginian
Cataline->Catiline
Ceasar->Caesar
Celcius->Celsius
Champange->Champagne
Cincinatti->Cincinnati
Cincinnatti->Cincinnati
Conneticut->Connecticut
Dardenelles->Dardanelles
Dijktra->Dijkstra
Dravadian->Dravidian
Enlish->English
Europian->European
Europians->Europeans
Eurpean->European
Eurpoean->European
Farenheit->Fahrenheit
Febuary->February
Feburary->February
Flemmish->Flemish
Formalhaut->Fomalhaut
Foundland->Newfoundland
Fransiscan->Franciscan
Fransiscans->Franciscans
Galations->Galatians
Gameboy->Game Boy
Ghandi->Gandhi
Godounov->Godunov
Gothenberg->Gothenburg
Gottleib->Gottlieb
Guatamala->Guatemala
Guatamalan->Guatemalan
Guilia->Giulia
Guilio->Giulio
Guiness->Guinness
Guiseppe->Giuseppe
Habsbourg->Habsburg
Hallowean->Halloween
Heidelburg->Heidelberg
Ihaca->Ithaca
Israelies->Israelis
Januray->January
Japanes->Japanese
Jospeh->Joseph
Juadaism->Judaism
Juadism->Judaism
Lybia->Libya
Malcom->Malcolm
Massachussets->Massachusetts
Massachussetts->Massachusetts
Mediteranean->Mediterranean
Michagan->Michigan
Misouri->Missouri
Missisipi->Mississippi
Missisippi->Mississippi
Monserrat->Montserrat
Montnana->Montana
Morisette->Morissette
Morrisette->Morissette
Mythraic->Mithraic
Napoleonian->Napoleonic
Nazereth->Nazareth
Newyorker->New Yorker
Nullabour->Nullarbor
Nuremburg->Nuremberg
Palistian->Palestinian
Palistinian->Palestinian
Palistinians->Palestinians
Papanicalou->Papanicolaou
Peloponnes->Peloponnesus
Pennyslvania->Pennsylvania
Pharoah->Pharaoh
Philipines->Philippines
Phillipine->Philippine
Phillipines->Philippines
Phillippines->Philippines
Phonecian->Phoenecian
Portugese->Portuguese
Postdam->Potsdam
Premonasterians->Premonstratensians
Pucini->Puccini
Puertorrican->Puerto Rican
Puertorricans->Puerto Ricans
Queenland->Queensland
Rockerfeller->Rockefeller
Russion->Russian
Sanhedrim->Sanhedrin
Saterday->Saturday
Saterdays->Saturdays
Sionist->Zionist
Sionists->Zionists
Sixtin->Sistine
Skagerak->Skagerrak
Tolkein->Tolkien
Tuscon->Tucson
Ukranian->Ukrainian
abandonned->abandoned
aberation->aberration
abilties->abilities
abilty->ability
abondon->abandon
abondoned->abandoned
abondoning->abandoning
abondons->abandons
abbout->about
aborigene->aborigine
abortificant->abortifacient
abreviated->abbreviated
abreviation->abbreviation
abritrary->arbitrary
absail->abseil
absailing->abseiling
absense->absence
absolutly->absolutely
absorbsion->absorption
absorbtion->absorption
abundacies->abundances
abundancies->abundances
abundunt->abundant
abutts->abuts
acadamy->academy
acadmic->academic
accademic->academic
accademy->academy
acccused->accused
accelleration->acceleration
accension->ascension
acceptence->acceptance
acceptible->acceptable
accesories->accessories
accessable->accessible
accidentaly->accidentally
accidently->accidentally
acclimitization->acclimatization
accomadate->accommodate
accomadated->accommodated
accomadates->accommodates
accomadating->accommodating
accomadation->accommodation
accomadations->accommodations
accomdate->accommodate
accomodate->accommodate
accomodated->accommodated
accomodates->accommodates
accomodating->accommodating
accomodation->accommodation
accomodations->accommodations
accompanyed->accompanied
accordeon->accordion
accordian->accordion
accoring->according
accoustic->acoustic
accquainted->acquainted
accross->across
accuraccy->accuracy
accussed->accused
acedemic->academic
acheive->achieve
acheived->achieved
acheivement->achievement
acheivements->achievements
acheives->achieves
acheiving->achieving
acheivment->achievement
acheivments->achievements
achievment->achievement
achievments->achievements
achive->achieve
achived->achieved
achivement->achievement
achivements->achievements
acknowldeged->acknowledged
acknowledgeing->acknowledging
ackward->awkward
acn->can
acommodate->accommodate
acommodated->accommodated
acomodate->accommodate
acomodated->accommodated
acomplish->accomplish
acomplished->accomplished
acomplishment->accomplishment
acomplishments->accomplishments
acording->according
acordingly->accordingly
acquaintence->acquaintance
acquaintences->acquaintances
acquiantence->acquaintance
acquiantences->acquaintances
acquited->acquitted
activites->activities
activly->actively
actualy->actually
acuracy->accuracy
acused->accused
acustom->accustom
acustommed->accustomed
adaptating->adapting
adavanced->advanced
adbandon->abandon
additinally->additionally
additionaly->additionally
additionnal->additional
addmission->admission
addopt->adopt
addopted->adopted
addoptive->adoptive
addres->address
addresable->addressable
addresed->addressed
addresing->addressing
addressess->addresses
addtion->addition
addtional->additional
adecuate->adequate
adhearing->adhering
adherance->adherence
admendment->amendment
admininistrative->administrative
adminstered->administered
adminstrate->administrate
adminstration->administration
adminstrative->administrative
adminstrator->administrator
admissability->admissibility
admissable->admissible
admited->admitted
admitedly->admittedly
admnistrative->administrative
adn->and
adolecent->adolescent
adquire->acquire
adquired->acquired
adquires->acquires
adquiring->acquiring
adres->address
adresable->addressable
adresing->addressing
adress->address
adressable->addressable
adressed->addressed
adressing->addressing
adventrous->adventurous
advertisment->advertisement
advertisments->advertisements
advesary->adversary
adviced->advised
aeriel->aerial
aeriels->aerials
afair->affair
afficianados->aficionados
afficionado->aficionado
afficionados->aficionados
affilate->affiliate
affilliate->affiliate
affort->afford
aforememtioned->aforementioned
againnst->against
agains->against
agaisnt->against
aganist->against
aggaravates->aggravates
aggreed->agreed
aggreement->agreement
aggregious->egregious
aggresive->aggressive
agian->again
agianst->against
agin->again
agina->again
aginst->against
agravate->aggravate
agred->agreed
agreeement->agreement
agreemnt->agreement
agregate->aggregate
agregates->aggregates
agregation->aggregation
agreing->agreeing
agression->aggression
agressive->aggressive
agressively->aggressively
agressor->aggressor
agricuture->agriculture
agrieved->aggrieved
ahev->have
ahppen->happen
ahve->have
aicraft->aircraft
aiport->airport
airbourne->airborne
aircaft->aircraft
airporta->airports
airrcraft->aircraft
aisian->Asian
albiet->albeit
alchohol->alcohol
alchoholic->alcoholic
alchol->alcohol
alcholic->alcoholic
alcohal->alcohol
alcoholical->alcoholic
aledge->allege
aledged->alleged
aledges->alleges
alege->allege
aleged->alleged
alegience->allegiance
algorhitms->algorithms
algoritm->algorithm
algoritms->algorithms
algroithm->algorithm
alientating->alienating
alledge->allege
alledged->alleged
alledgedly->allegedly
alledges->alleges
allegedely->allegedly
allegedy->allegedly
allegely->allegedly
allegence->allegiance
allegience->allegiance
allign->align
alligned->aligned
alliviate->alleviate
allopone->allophone
allopones->allophones
allready->already
allthough->although
alltime->all-time
alltogether->altogether
almsot->almost
alochol->alcohol
alomst->almost
alos->also
alot->a lot
alotted->allotted
alowed->allowed
alowing->allowing
alreayd->already
alse->else
alsot->also
alternitives->alternatives
altho->although
althought->although
altough->although
alusion->allusion
alwasy->always
alwyas->always
amalgomated->amalgamated
amatuer->amateur
amature->armature
amendmant->amendment
amerliorate->ameliorate
amission->admission
amke->make
amking->making
ammend->amend
ammended->amended
ammendment->amendment
ammendments->amendments
ammount->amount
ammused->amused
amoung->among
amoungst->amongst
amoutn->amount
amung->among
analagous->analogous
analitic->analytic
analogeous->analogous
anarchim->anarchism
anarchistm->anarchism
anbd->and
ancestory->ancestry
ancilliary->ancillary
andd->and
androgenous->androgynous
androgeny->androgyny
andthe->and the
anihilation->annihilation
aniversary->anniversary
anlalyze->analyze
annoint->anoint
annointed->anointed
annointing->anointing
annoints->anoints
annonced->announced
annouced->announced
annualy->annually
annuled->annulled
anohter->another
anomolies->anomalies
anomolous->anomalous
anomoly->anomaly
anonimity->anonymity
anounced->announced
ansalisation->nasalization
ansalization->nasalization
ansestors->ancestors
antartic->antarctic
anthromorphization->anthropomorphization
anual->annual
anulled->annulled
anwsered->answered
anyhwere->anywhere
anyother->any other
anytying->anything
apalling->appalling
aparent->apparent
aparment->apartment
apenines->apennines
aplication->application
aplied->applied
aplyed->applied
apolegetics->apologetics
apon->upon
apparant->apparent
apparantly->apparently
appart->apart
appartment->apartment
appartments->apartments
appealling->appealing
appeareance->appearance
appearence->appearance
appearences->appearances
appeares->appears
appenines->apennines
apperance->appearance
apperances->appearances
appereance->appearance
appereances->appearances
applicaiton->application
applicaitons->applications
appologies->apologies
appology->apology
appraoch->approach
apprearance->appearance
apprieciate->appreciate
approachs->approaches
appropiate->appropriate
appropraite->appropriate
appropropiate->appropriate
approproximate->approximate
approxamately->approximately
approxiately->approximately
approximitely->approximately
aprehensive->apprehensive
april->April
apropriate->appropriate
aproximate->approximate
aproximately->approximately
aquaintance->acquaintance
aquainted->acquainted
aquiantance->acquaintance
aquire->acquire
aquired->acquired
aquiring->acquiring
aquisition->acquisition
aquitted->acquitted
ar->are
aranged->arranged
arangement->arrangement
arbitarily->arbitrarily
arbitary->arbitrary
arbritrary->arbitrary
archaelogists->archaeologists
archaelogy->archaeology
archaoelogy->archeology
archaology->archeology
archeaologist->archeologist
archeaologists->archeologists
archetect->architect
archetects->architects
archetectural->architectural
archetecturally->architecturally
archetecture->architecture
archiac->archaic
archictect->architect
archimedian->archimedean
architechturally->architecturally
architechture->architecture
architechtures->architectures
architectual->architectural
archtype->archetype
archtypes->archetypes
aready->already
areodynamics->aerodynamics
argubly->arguably
arguement->argument
arguements->arguments
arised->arose
arival->arrival
armamant->armament
armistace->armistice
arogant->arrogant
arogent->arrogant
aroud->around
arrangment->arrangement
arrangments->arrangements
arround->around
artical->article
artice->article
articel->article
artifical->artificial
artifically->artificially
artillary->artillery
arund->around
asetic->ascetic
asign->assign
aslo->also
asociated->associated
asorbed->absorbed
asphyxation->asphyxiation
assasin->assassin
assasinate->assassinate
assasinated->assassinated
assasinates->assassinates
assasination->assassination
assasinations->assassinations
assasined->assassinated
assasins->assassins
assassintation->assassination
assemple->assemble
assertation->assertion
asside->aside
assisnate->assassinate
assit->assist
assitant->assistant
assocation->association
assoicate->associate
assoicated->associated
assoicates->associates
assosication->assassination
asssassans->assassins
assualt->assault
assualted->assaulted
assymetric->asymmetric
assymetrical->asymmetrical
asteriod->asteroid
asthetic->aesthetic
asthetical->aesthetical
asthetically->aesthetically
asume->assume
aswell->as well
asymetry->asymmetry
asymettric->asymmetric
atain->attain
atempting->attempting
atheistical->atheistic
athenean->Athenian
atheneans->Athenians
athiesm->atheism
athiest->atheist
atorney->attorney
atribute->attribute
atributed->attributed
atributes->attributes
attaindre->attainder
attemp->attempt
attemped->attempted
attemt->attempt
attemted->attempted
attemting->attempting
attemts->attempts
attendence->attendance
attendent->attendant
attendents->attendants
attened->attended
attension->attention
attitide->attitude
attributred->attributed
attritube->attribute
attrocities->atrocities
audeince->audience
audiance->audience
august->August
auromated->automated
austrailia->Australia
austrailian->Australian
auther->author
authobiographic->autobiographic
authobiography->autobiography
authorative->authoritative
authorites->authorities
authorithy->authority
authoritiers->authorities
authoritive->authoritative
authrorities->authorities
autochtonous->autochthonous
autoctonous->autochthonous
automaticly->automatically
automibile->automobile
automize->automatize
automonomous->autonomous
autor->author
autority->authority
auxilary->auxiliary
auxillaries->auxiliaries
auxillary->auxiliary
auxilliaries->auxiliaries
auxilliary->auxiliary
availabe ->available
availablity->availability
availaible->available
availble->available
availiable->available
availible->available
avalable->available
avalance->avalanche
avaliable->available
avation->aviation
avengence->a vengeance
averageed->averaged
avilable->available
awared->awarded
awya->away
backgorund->background
backrounds->backgrounds
bakc->back
balence->balance
banannas->bananas
bandwith->bandwidth
bankrupcy->bankruptcy
banruptcy->bankruptcy
baout->about
basicaly->basically
basicly->basically
bcak->back
beachead->beachhead
beacuse->because
beastiality->bestiality
beatiful->beautiful
beaurocracy->bureaucracy
beaurocratic->bureaucratic
beautyfull->beautiful
becamae->became
becames->becomes
becasue->because
beccause->because
becomeing->becoming
becomming->becoming
becouse->because
becuase->because
becuse->because
bedore->before
befoer->before
beggin->begin
begginer->beginner
begginers->beginners
beggining->beginning
begginings->beginnings
beggins->begins
begining->beginning
beginnig->beginning
behavour->behavior
beleagured->beleaguered
beleif->belief
beleive->believe
beleived->believed
beleives->believes
beleiving->believing
beligum->Belgium
belive->believe
belived->believed
belives->believes
belligerant->belligerent
bellweather->bellwether
bemusemnt->bemusement
beneficary->beneficiary
beng->being
benificial->beneficial
benifit->benefit
benifits->benefits
bergamont->bergamot
beseige->besiege
beseiged->besieged
beseiging->besieging
betwen->between
betwenn->between
beween->between
bewteen->between
bianries->binaries
bianry->binary
bilateraly->bilaterally
bilatteral->bilateral
billingualism->bilingualism
binominal->binomial
bizzare->bizarre
blaim->blame
blaimed->blamed
blanacing->balancing
blessure->blessing
bodydbuilder->bodybuilder
bombardement->bombardment
bombarment->bombardment
bondary->boundary
borke->broke
boundry->boundary
bouyancy->buoyancy
bouyant->buoyant
boxs->boxes
boyant->buoyant
breakthough->breakthrough
breakthroughts->breakthroughs
breif->brief
breifly->briefly
brethen->brethren
bretheren->brethren
briliant->brilliant
brillant->brilliant
brimestone->brimstone
broacasted->broadcast
broadacasting->broadcasting
broady->broadly
buisness->business
buisnessman->businessman
buoancy->buoyancy
burried->buried
busineses->businesses
busness->business
bussiness->business
bve->be
cacuses->caucuses
caffiene->caffeine
cahracters->characters
calaber->caliber
calander->calendar
calculs->calculus
caliberate->calibrate 
caliberation->calibration 
caligraphy->calligraphy
caluclate->calculate
caluclated->calculated
caluculate->calculate
caluculated->calculated
calulate->calculate
calulated->calculated
camoflage->camouflage
campain->campaign
campains->campaigns
candadate->candidate
candiate->candidate
candidiate->candidate
cannnot->cannot
cannonical->canonical
cannotation->connotation
cannotations->connotations
caost->coast
caperbility->capability
capible->capable
captial->capital
captued->captured
capturd->captured
carachter->character
caracterized->characterized
carcas->carcass
carefull->careful
careing->caring
carismatic->charismatic
carmel->caramel
carnege->carnage
carnige->carnage
carniverous->carnivorous
carreer->career
carrers->careers
cartdridge->cartridge
carthographer->cartographer
cartilege->cartilage
cartilidge->cartilage
cartrige->cartridge
cas->case
casette->cassette
casion->caisson
cassawory->cassowary
cassowarry->cassowary
casulaties->casualties
casulaty->casualty
catagories->categories
catagorized->categorized
catagory->category
catergorize->categorize
catergorized->categorized
cathlic->catholic
catholocism->catholicism
catterpilar->caterpillar
catterpilars->caterpillars
cattleship->battleship
cellpading->cellpadding
cementary->cemetery
cemetarey->cemetery
cemetaries->cemeteries
cemetary->cemetery
cencus->census
censur->censor
cententenial->centennial
centruies->centuries
centruy->century
ceratin->certain
cerimonial->ceremonial
cerimonies->ceremonies
cerimonious->ceremonious
cerimony->ceremony
ceromony->ceremony
certainity->certainty
certian->certain
cervial->cervical
chalenging->challenging
challange->challenge
challanged->challenged
challege->challenge
changable->changeable
changeing->changing
charachter->character
charachters->characters
charactersistic->characteristic
charactor->character
charactors->characters
charasmatic->charismatic
charaterized->characterized
charcter->character
charcters->characters
charecter->character
charector->character
chariman->chairman
charistics->characteristics
chasr->chaser
cheif->chief
cheifs->chiefs
chemcial->chemical
chemcially->chemically
chemestry->chemistry
chemicaly->chemically
childbird->childbirth
childen->children
choosed->chosen
choosen->chosen
chracter->character
chuch->church
churchs->churches
circulaton->circulation
circumsicion->circumcision
circut->circuit
ciricuit->circuit
ciriculum->curriculum
civillian->civilian
claer->clear
claerer->clearer
claerly->clearly
claimes->claims
clas->class
clasic->classic
clasical->classical
clasically->classically
cleareance->clearance
clera->clear
clincial->clinical
clinicaly->clinically
cmoputer->computer
cna->can
coctail->cocktail
coform->conform
cognizent->cognizant
coincedentally->coincidentally
colaborations->collaborations
colateral->collateral
colection->collection
colelctive->collective
collaberative->collaborative
collecton->collection
collegue->colleague
collegues->colleagues
collonade->colonnade
collonies->colonies
collony->colony
collosal->colossal
colonizators->colonizers
comander->commander
comando->commando
comandos->commandos
comany->company
comapany->company
comapny->company
comback->comeback
combanations->combinations
combinatins->combinations
combusion->combustion
comdemnation->condemnation
comemmorates->commemorates
comemoretion->commemoration
comision->commission
comisioned->commissioned
comisioner->commissioner
comisioning->commissioning
comisions->commissions
comission->commission
comissioned->commissioned
comissioner->commissioner
comissioning->commissioning
comissions->commissions
comited->committed
comiting->committing
comitted->committed
comittee->committee
comitting->committing
commandoes->commandos
commedic->comedic
commemerative->commemorative
commemmorate->commemorate
commemmorating->commemorating
commerical->commercial
commerically->commercially
commericial->commercial
commericially->commercially
commerorative->commemorative
comming->coming
comminication->communication
commision->commission
commisioned->commissioned
commisioner->commissioner
commisioning->commissioning
commisions->commissions
commited->committed
commitee->committee
commiting->committing
committe->committee
committment->commitment
committments->commitments
committy->committee
commmemorated->commemorated
commongly->commonly
commonweath->commonwealth
commuications->communications
commuinications->communications
communciation->communication
communiation->communication
communites->communities
compability->compatibility
compair->compare
comparision->comparison
comparisions->comparisons
comparitive->comparative
comparitively->comparatively
compatabilities->compatibilities
compatability->compatibility
compatable->compatible
compatablities->compatibilities
compatablity->compatibility
compatiable->compatible
compatiblities->compatibilities
compatiblity->compatibility
compeitions->competitions
compensantion->compensation
competance->competence
competant->competent
competative->competitive
competion->competition
competitiion->competition
competive->competitive
competiveness->competitiveness
comphrehensive->comprehensive
compitent->competent
compleated->completed
completelyl->completely
completetion->completion
completly->completely
componant->component
comprable->comparable
comprimise->compromise
compulsary->compulsory
compulsery->compulsory
computarized->computerized
computated->computed
computating->computing
comunicate->communicate
comunity->community
concensus->consensus
concider->consider
concidered->considered
concidering->considering
conciders->considers
concieted->conceited
concieved->conceived
concious->conscious
conciously->consciously
conciousness->consciousness
condamned->condemned
condemmed->condemned
condidtion->condition
condidtions->conditions
conditionsof->conditions of
conected->connected
conection->connection
conesencus->consensus
confidental->confidential
confidentally->confidentially
confids->confides
configuation->configuration
configureable->configurable
confortable->comfortable
congradulations->congratulations
congresional->congressional
conived->connived
conjecutre->conjecture
conjuction->conjunction
connexion->connection
conotations->connotations
conquerd->conquered
conqured->conquered
conscent->consent
consciouness->consciousness
consdider->consider
consdidered->considered
consdiered->considered
consectutive->consecutive
consenquently->consequently
consentrate->concentrate
consentrated->concentrated
consentrates->concentrates
consept->concept
consequentually->consequently
consequeseces->consequences
consern->concern
conserned->concerned
conserning->concerning
conservitive->conservative
consiciousness->consciousness
consicousness->consciousness
considerd->considered
consideres->considered
consious->conscious
consistant->consistent
consistantly->consistently
consituencies->constituencies
consituency->constituency
consituted->constituted
consitution->constitution
consitutional->constitutional
consolodate->consolidate
consolodated->consolidated
consonent->consonant
consonents->consonants
consorcium->consortium
conspiracys->conspiracies
conspiriator->conspirator
consquently->consequently
constaints->constraints
constanly->constantly
constarnation->consternation
constatn->constant
constinually->continually
constituant->constituent
constituants->constituents
constituion->constitution
constituional->constitutional
constraitn->constraint
constrast->contrast
consttruction->construction
constuction->construction
consulant->consultant
consumate->consummate
consumated->consummated
contaiminate->contaminate
containes->contains
contamporaries->contemporaries
contamporary->contemporary
contempoary->contemporary
contemporaneus->contemporaneous
contempory->contemporary
contendor->contender
contibute->contribute
contibuted->contributed
contibutes->contributes
contigent->contingent
contined->continued
continous->continuous
continously->continuously
continueing->continuing
contrained->constrained
contraint->constraint
contraints->constraints
contratry->contrary
contravercial->controversial
contraversy->controversy
contritutions->contributions
controled->controlled
controling->controlling
controll->control
controlls->controls
controvercial->controversial
controvercy->controversy
controveries->controversies
controversal->controversial
controversey->controversy
controvertial->controversial
controvery->controversy
contruction->construction
conveinent->convenient
convenant->covenant
convential->conventional
convertables->convertibles
convertion->conversion
conveyer->conveyor
conviced->convinced
convienient->convenient
coonectivity->connectivity
coordiantion->coordination
coorperation->cooperation
coorperations->corporations
copmetitors->competitors
coputer->computer
copywrite->copyright
coresponding->corresponding
coridal->cordial
cornmitted->committed
corosion->corrosion
corparate->corporate
corperations->corporations
correcters->correctors
correponding->corresponding
correposding->corresponding
correspondant->correspondent
correspondants->correspondents
corridoors->corridors
corrispond->correspond
corrispondant->correspondent
corrispondants->correspondents
corrisponded->corresponded
corrisponding->corresponding
corrisponds->corresponds
costitution->constitution
cotten->cotton
coucil->council
coudl->could
councellor->councilor
councellors->councilors
counries->countries
countains->contains
countires->countries
coururier->courier
coverted->converted
cpoy->copy
creaeted->created
creche->crèche
creedence->credence
critereon->criterion
criterias->criteria
criticists->critics
critising->criticizing
critisising->criticizing
critisism->criticism
critisisms->criticisms
critisize->criticize
critisized->criticized
critisizes->criticizes
critisizing->criticizing
critized->criticized
critizing->criticizing
crockodiles->crocodiles
crowm->crown
crtical->critical
crticised->criticized
crucifiction->crucifixion
crusies->cruises
crystalisation->crystallization
culiminating->culminating
cumulatative->cumulative
curcuit->circuit
currenly->currently
curriculem->curriculum
curiousity->curiosity
cxan->can
cyclinder->cylinder
dacquiri->daiquiri
dael->deal
dalmation->dalmatian
damenor->demeanor
danceing->dancing
debateable->debatable
december->December
decendant->descendant
decendants->descendants
decendent->descendant
decendents->descendants
decideable->decidable
decidely->decidedly
decieved->deceived
decison->decision
decomissioned->decommissioned
decomposit->decompose
decomposited->decomposed
decompositing->decomposing
decomposits->decomposes
decress->decrees
decribe->describe
decribed->described
decribes->describes
decribing->describing
dectect->detect
defendent->defendant
defendents->defendants
deffensively->defensively
deffine->define
deffined->defined
definance->defiance
definate->definite
definately->definitely
definatly->definitely
definetly->definitely
definining->defining
definit->definite
definitly->definitely
definiton->definition
defintion->definition
degrate->degrade
delagates->delegates
delapidated->dilapidated
delerious->delirious
delevopment->development
deliberatly->deliberately
demenor->demeanor
demographical->demographic
demolision->demolition
demorcracy->democracy
demostration->demonstration
denegrating->denigrating
densly->densely
deparment->department
deparmental->departmental
deparments->departments
dependance->dependence
dependancy->dependency
dependant->dependent
deram->dream
deriviated->derived
derivitive->derivative
derogitory->derogatory
descendands->descendants
descibed->described
descision->decision
descisions->decisions
descriibes->describes
descripters->descriptors
descripton->description
desctruction->destruction
descuss->discuss
desgined->designed
deside->decide
desigining->designing
desinations->destinations
desintegrated->disintegrated
desintegration->disintegration
desireable->desirable
desitned->destined
desktiop->desktop
desorder->disorder
desoriented->disoriented
desparate->desperate
despatched->dispatched
despict->depict
despiration->desperation
dessicated->desiccated
dessigned->designed
destablized->destabilized
destory->destroy
detailled->detailed
detatched->detached
deteoriated->deteriorated
deteriate->deteriorate
deterioriating->deteriorating
determinining->determining
detremental->detrimental
devasted->devastated
develope->develop
developement->development
developped->developed
develpment->development
devels->delves
devestated->devastated
devestating->devastating
devide->divide
devided->divided
devistating->devastating
devolopement->development
diablical->diabolical
diamons->diamonds
diaster->disaster
dichtomy->dichotomy
diconnects->disconnects
dicover->discover
dicovered->discovered
dicovering->discovering
dicovers->discovers
dicovery->discovery
dicussed->discussed
didnt->didn't
diea->idea
dieties->deities
diety->deity
diferent->different
diferrent->different
differant->different
differece->difference
differentiatiations->differentiations
differnt->different
difficulity->difficulty
diffrent->different
dificulties->difficulties
dificulty->difficulty
dilligence->diligence
dilligent->diligent
dimenions->dimensions
dimention->dimension
dimentional->dimensional
dimentions->dimensions
dimesnional->dimensional
diminuitive->diminutive
dimunitive->diminutive
diosese->diocese
diphtong->diphthong
diphtongs->diphthongs
diplomancy->diplomacy
dipthong->diphthong
dipthongs->diphthongs
dirived->derived
disagreeed->disagreed
disapeared->disappeared
disapointing->disappointing
disappearred->disappeared
disaproval->disapproval
disasterous->disastrous
disatisfaction->dissatisfaction
disatisfied->dissatisfied
disatrous->disastrous
discared->discarded
discribe->describe
discribed->described
discribes->describes
discribing->describing
disctinction->distinction
disctinctive->distinctive
disemination->dissemination
disiplined->disciplined
disobediance->disobedience
disobediant->disobedient
disolved->dissolved
disover->discover
dispair->despair
disparingly->disparagingly
dispence->dispense
dispenced->dispensed
dispencing->dispensing
dispicable->despicable
dispite->despite
dispostion->disposition
disproportiate->disproportionate
disputandem->disputandum
disricts->districts
dissagreement->disagreement
dissapear->disappear
dissapearance->disappearance
dissapeared->disappeared
dissapearing->disappearing
dissapears->disappears
dissappear->disappear
dissappears->disappears
dissappointed->disappointed
dissarray->disarray
dissobediance->disobedience
dissobediant->disobedient
dissobedience->disobedience
dissobedient->disobedient
distiction->distinction
distingish->distinguish
distingished->distinguished
distingishes->distinguishes
distingishing->distinguishing
distingquished->distinguished
distrubution->distribution
distruction->destruction
distructive->destructive
ditributed->distributed
diversed->diverse
divice->device
divison->division
divisons->divisions
doccument->document
doccumented->documented
doccuments->documents
docrines->doctrines
doctines->doctrines
documenatry->documentary
doens->does
doese->does
doesnt->doesn't
doign->doing
doller->dollars
dominaton->domination
dominent->dominant
dominiant->dominant
donig->doing
doub->doubt
doulbe->double
dowloads->downloads
dramtic->dramatic
draughtman->draughtsman
dreasm->dreams
driectly->directly
driping->dripping
driveing->driving
drnik->drink
droping->dropping
druming->drumming
drummless->drumless
dupicate->duplicate
durig->during
durring->during
duting->during
dyas->dryas
eahc->each
ealier->earlier
earnt->earned
ecclectic->eclectic
eceonomy->economy
ecidious->deciduous
eclispe->eclipse
ecomonic->economic
effcient->efficient
effciently->efficiently
effeciency->efficiency
effecient->efficient
effeciently->efficiently
efficency->efficiency
efficent->efficient
efficently->efficiently
efford->effort
effords->efforts
effulence->effluence
ehr->her
eigth->eight
eiter->either
elction->election
electic->electric
electon->election
electrial->electrical
electricly->electrically
electricty->electricity
elementay->elementary
eleminated->eliminated
eleminating->eliminating
eles->eels
eletricity->electricity
elicided->elicited
eligable->eligible
elimentary->elementary
ellected->elected
elphant->elephant
embarass->embarrass
embarassed->embarrassed
embarassing->embarrassing
embarassment->embarrassment
embargos->embargoes
embarras->embarrass
embarrased->embarrassed
embarrasing->embarrassing
embarrasment->embarrassment
embezelled->embezzled
emblamatic->emblematic
eminate->emanate
eminated->emanated
emision->emission
emited->emitted
emiting->emitting
emition->emotion
emmediately->immediately
emmigrated->emigrated
emminent->imminent
emminently->eminently
emmisaries->emissaries
emmisarries->emissaries
emmisarry->emissary
emmisary->emissary
emmision->emission
emmisions->emissions
emmited->emitted
emmiting->emitting
emmitted->emitted
emmitting->emitting
emnity->enmity
emperical->empirical
emphaised->emphasized
emphsis->emphasis
emphysyma->emphysema
empirial->empirical
emprisoned->imprisoned
enameld->enameled
enchancement->enhancement
encouraing->encouraging
encryptiion->encryption
encylopedia->encyclopedia
endevors->endeavors
endevour->endeavor
endig->ending
endolithes->endoliths
enduce->induce
ened->need
enflamed->inflamed
enforceing->enforcing
engagment->engagement
engeneer->engineer
engeneering->engineering
engieneer->engineer
engieneers->engineers
enlargment->enlargement
enlargments->enlargements
enoguh->enough
enourmous->enormous
enourmously->enormously
ensconsed->ensconced
entaglements->entanglements
enteratinment->entertainment
enthusiatic->enthusiastic
entitity->entity
entitlied->entitled
entrepeneur->entrepreneur
entrepeneurs->entrepreneurs
enviorment->environment
enviormental->environmental
enviormentally->environmentally
enviorments->environments
enviornment->environment
enviornmental->environmental
enviornmentalist->environmentalist
enviornmentally->environmentally
enviornments->environments
enviroment->environment
enviromental->environmental
enviromentalist->environmentalist
enviromentally->environmentally
enviroments->environments
envolutionary->evolutionary
envrionments->environments
enxt->next
epidsodes->episodes
epsiode->episode
equialent->equivalent
equilibium->equilibrium
equilibrum->equilibrium
equiped->equipped
equippment->equipment
equitorial->equatorial
equivelant->equivalent
equivelent->equivalent
equivilant->equivalent
equivilent->equivalent
equivlalent->equivalent
erally->really
eratic->erratic
eratically->erratically
eraticly->erratically
errupted->erupted
esential->essential
esitmated->estimated
esle->else
especialy->especially
essencial->essential
essense->essence
essentail->essential
essentialy->essentially
essentual->essential
essesital->essential
estabishes->establishes
establising->establishing
ethnocentricm->ethnocentrism
eventally->eventually
eventhough->even though
eventially->eventually
eventualy->eventually
everthing->everything
everytime->every time
everyting->everything
eveyr->every
evidentally->evidently
exagerate->exaggerate
exagerated->exaggerated
exagerates->exaggerates
exagerating->exaggerating
exagerrate->exaggerate
exagerrated->exaggerated
exagerrates->exaggerates
exagerrating->exaggerating
examinated->examined
exampt->exempt
exapansion->expansion
excact->exact
excange->exchange
excecute->execute
excecuted->executed
excecutes->executes
excecuting->executing
excecution->execution
excedded->exceeded
excelent->excellent
excell->excel
excellance->excellence
excellant->excellent
excells->excels
excercise->exercise
exchanching->exchanging
excisted->existed
excitment->excitement
exculsivly->exclusively
execising->exercising
exection->execution
exectued->executed
exeedingly->exceedingly
exelent->excellent
exellent->excellent
exemple->example
exept->except
exeptional->exceptional
exerbate->exacerbate
exerbated->exacerbated
exerciese->exercises
exerpt->excerpt
exerpts->excerpts
exersize->exercise
exerternal->external
exhalted->exalted
exhibtion->exhibition
exibition->exhibition
exibitions->exhibitions
exicting->exciting
exinct->extinct
existance->existence
existant->existent
existince->existence
exliled->exiled
exludes->excludes
exmaple->example
exmaples->examples
exonorate->exonerate
exoskelaton->exoskeleton
expalin->explain
expatriot->expatriate
expeced->expected
expecially->especially
expeditonary->expeditionary
expeiments->experiments
expell->expel
expells->expels
experiance->experience
experianced->experienced
expiditions->expeditions
expierence->experience
explaination->explanation
explaning->explaining
explicitely->explicitly
explictly->explicitly
exploititive->exploitative
explotation->exploitation
expropiated->expropriated
expropiation->expropriation
exressed->expressed
extemely->extremely
extention->extension
extentions->extensions
extered->exerted
exterme->extreme
extermist->extremist
extradiction->extradition
extraterrestial->extraterrestrial
extraterrestials->extraterrestrials
extravagent->extravagant
extrememly->extremely
extremeophile->extremophile
extremly->extremely
extrordinarily->extraordinarily
extrordinary->extraordinary
eyar->year
eyars->years
eyasr->years
eyt->yet
faciliate->facilitate
faciliated->facilitated
faciliates->facilitates
facilites->facilities
facillitate->facilitate
facinated->fascinated
facist->fascist
familar->familiar
familes->families
familliar->familiar
famoust->famous
fanatism->fanaticism
fatc->fact
faught->fought
feasable->feasible
february->February
fedreally->federally
feild->field
feromone->pheromone
fertily->fertility
fianite->finite
fianlly->finally
ficititious->fictitious
ficticious->fictitious
fictious->fictitious
fidn->find
fied->field
fiel->file
fiels->files
fiercly->fiercely
fightings->fighting
filiament->filament
fimilies->families
finacial->financial
finaly->finally
financialy->financially
firends->friends
firts->first
fisionable->fissionable
flamable->flammable
flawess->flawless
flexability->flexibility
flourescent->fluorescent
fluorish->flourish
follwo->follow
follwoing->following
folowing->following
fomed->formed
fomr->form
fonetic->phonetic
fontrier->fontier
foonote->footnote
foootball->football
forbad->forbade
forbiden->forbidden
foreward->foreword
forfiet->forfeit
forhead->forehead
foriegn->foreign
formallize->formalize
formallized->formalized
formaly->formally
formelly->formerly
formidible->formidable
formost->foremost
forsaw->foresaw
forseeable->foreseeable
fortelling->foretelling
forunner->forerunner
foucs->focus
foudn->found
fougth->fought
foundaries->foundries
foundary->foundry
fourties->forties
fourty->forty
fouth->fourth
foward->forward
freind->friend
freindly->friendly
frequentily->frequently
friday->Friday
frmo->from
fro->for
frome->from
fromed->formed
froniter->frontier
fucntion->function
fucntioning->functioning
fufill->fulfill
fufilled->fulfilled
fulfiled->fulfilled
fullfil->fulfill
fullfiling->fulfilling
fullfiling->fulfilling
fullfill->fulfill
fullfilled->fulfilled
fullfills->fulfills
functionnal->functional
fundametal->fundamental
fundametals->fundamentals
funguses->fungi
funtion->function
furuther->further
futher->further
futhermore->furthermore
fwe->few
gaem->game
galatic->galactic
gallaxies->galaxies
galvinized->galvanized
ganerate->generate
ganster->gangster
garantee->guarantee
garanteed->guaranteed
garantees->guarantees
gardai->gardaí
garnison->garrison
gauarana->guaraná
gaurantee->guarantee
gauranteed->guaranteed
gaurantees->guarantees
gaurd->guard
gaurentee->guarantee
gaurenteed->guaranteed
gaurentees->guarantees
geneological->genealogical
geneologies->genealogies
geneology->genealogy
generaly->generally
generatting->generating
genialia->genitalia
geographicial->geographical
geometrician->geometer
geometricians->geometers
gerat->great
geting->getting
giveing->giving
glight->flight
gloablly->globally
gnawwed->gnawed
godess->goddess
godesses->goddesses
gogin->going
goign->going
gonig->going
gouvener->governor
govement->government
govenment->government
govenrment->government
goverance->governance
goverment->government
govermental->governmental
governer->governor
governmnet->government
govorment->government
govormental->governmental
govornment->government
gracefull->graceful
graet->great
grafitti->graffiti
gramatically->grammatically
grammaticaly->grammatically
grammer->grammar
grat->great
gratuitious->gratuitous
greatful->grateful
greatfully->gratefully
greif->grief
gridles->griddles
gropu->group
gruop->group
grwo->grow
guage->gauge
guaranted->guaranteed
guarentee->guarantee
guarenteed->guaranteed
guarentees->guarantees
guerilla->guerrilla
guerillas->guerrillas
guerrila->guerrilla
guerrilas->guerrillas
guidence->guidance
gunanine->guanine
gurantee->guarantee
guranteed->guaranteed
gurantees->guarantees
guttaral->guttural
gutteral->guttural
habaeus->habeas
habeus->habeas
haemorrage->hemorrhage
haev->have
halp->help
hapen->happen
hapened->happened
hapening->happening
happend->happened
happended->happened
happenned->happened
harased->harassed
harases->harasses
harasment->harassment
harasments->harassments
harassement->harassment
harras->harass
harrased->harassed
harrases->harasses
harrasing->harassing
harrasment->harassment
harrasments->harassments
harrassed->harassed
harrasses->harassed
harrassing->harassing
harrassment->harassment
harrassments->harassments
hasnt->hasn't
haveing->having
haviest->heaviest
hda->had
headquarer->headquarter
headquater->headquarter
headquatered->headquartered
headquaters->headquarters
healthercare->healthcare
heared->heard
heathy->healthy
heigher->higher
heigth->height
heirarchy->hierarchy
heiroglyphics->hieroglyphics
helment->helmet
helpfull->helpful
helpped->helped
hemmorhage->hemorrhage
herad->heard
herat->heart
heridity->heredity
heroe->hero
heros->heroes
hertiage->heritage
hertzs->hertz
hesistant->hesitant
heterogenous->heterogeneous
hge->he
hieght->height
hierachical->hierarchical
hierachies->hierarchies
hierachy->hierarchy
hierarcical->hierarchical
hierarcy->hierarchy
hieroglph->hieroglyph
hieroglphs->hieroglyphs
higer->higher
higest->highest
higway->highway
hillarious->hilarious
himselv->himself
hinderance->hindrance
hinderence->hindrance
hindrence->hindrance
hipopotamus->hippopotamus
hismelf->himself
histocompatability->histocompatibility
historicians->historians
hoem->home
holliday->holiday
homestate->home state
homogeneize->homogenize
homogeneized->homogenized
homogenenous->homogeneous
homogenous->homogeneous
honory->honorary
horrifing->horrifying
hosited->hoisted
hospitible->hospitable
hounour->honour
housr->hours
howver->however
hsa->has
hsi->his
hsitorians->historians
hstory->history
hte->the
hten->then
htere->there
htey->they
htikn->think
hting->thing
htink->think
htis->this
humer->humor
humerous->humorous
huminoid->humanoid
humoural->humoral
humurous->humorous
husban->husband
hvae->have
hvaing->having
hvea->have
hwihc->which
hwile->while
hwole->whole
hydogen->hydrogen
hydropile->hydrophile
hydropilic->hydrophilic
hydropobe->hydrophobe
hydropobic->hydrophobic
hygeine->hygiene
hypocracy->hypocrisy
hypocrasy->hypocrisy
hypocricy->hypocrisy
hypocrit->hypocrite
hypocrits->hypocrites
iconclastic->iconoclastic
idae->idea
idaeidae->idea
idaes->ideas
idealogies->ideologies
idealogy->ideology
identicial->identical
identifers->identifiers
ideosyncratic->idiosyncratic
idesa->ideas
idiosyncracy->idiosyncrasy
ihs->his
illegimacy->illegitimacy
illegitmate->illegitimate
illess->illness
illiegal->illegal
illution->illusion
ilness->illness
ilogical->illogical
imagenary->imaginary
imagin->imagine
imaginery->imaginary
imanent->imminent
imcomplete->incomplete
imediately->immediately
imense->immense
imigrant->immigrant
imigrated->immigrated
imigration->immigration
iminent->imminent
immediatley->immediately
immediatly->immediately
immidately->immediately
immidiately->immediately
immitate->imitate
immitated->imitated
immitating->imitating
immitator->imitator
immunosupressant->immunosuppressant
impecabbly->impeccably
impedence->impedance
impeech->impeach
implamenting->implementing
impliment->implement
implimented->implemented
imploys->employs
importamt->important
impraticable->impracticable
imprioned->imprisoned
imprisonned->imprisoned
improvision->improvisation
improvments->improvements
inablility->inability
inaccessable->inaccessible
inadiquate->inadequate
inadquate->inadequate
inadvertant->inadvertent
inadvertantly->inadvertently
inagurated->inaugurated
inaguration->inauguration
inappropiate->inappropriate
inaugures->inaugurates
inbalance->imbalance
inbalanced->imbalanced
inbetween->between
incarcirated->incarcerated
incidentially->incidentally
incidently->incidentally
inclreased->increased
includ->include
includng->including
incompatabilities->incompatibilities
incompatability->incompatibility
incompatable->incompatible
incompatablities->incompatibilities
incompatablity->incompatibility
incompatiblities->incompatibilities
incompatiblity->incompatibility
incompetance->incompetence
incompetant->incompetent
incomptable->incompatible
incomptetent->incompetent
inconsistant->inconsistent
incorperation->incorporation
incorportaed->incorporated
incorprates->incorporates
incorruptable->incorruptible
incramentally->incrementally
increadible->incredible
incredable->incredible
inctroduce->introduce
inctroduced->introduced
incuding->including
incunabla->incunabula
indecate->indicate
indeferently->indifferently
indefinately->indefinitely
indefineable->undefinable
indefinitly->indefinitely
indentical->identical
indentify->identify
indepedantly->independently
indepedence->independence
independance->independence
independant->independent
independantly->independently
independece->independence
independendet->independent
indespensable->indispensable
indespensible->indispensable
indictement->indictment
indigineous->indigenous
indipendence->independence
indipendent->independent
indipendently->independently
indispensible->indispensable
indisputible->indisputable
indisputibly->indisputably
individualy->individually
indpendent->independent
indpendently->independently
indulgue->indulge
indutrial->industrial
indviduals->individuals
inefficienty->inefficiently
inevatible->inevitable
inevitible->inevitable
inevititably->inevitably
infalability->infallibility
infallable->infallible
infectuous->infectious
infered->inferred
infilitrate->infiltrate
infilitrated->infiltrated
infilitration->infiltration
infinit->infinite
inflamation->inflammation
influencial->influential
influented->influenced
infomation->information
informtion->information
infrantryman->infantryman
infrigement->infringement
ingenius->ingenious
ingreediants->ingredients
inhabitans->inhabitants
inherantly->inherently
inheritence->inheritance
inital->initial
initally->initially
initation->initiation
initiaitive->initiative
inlcuding->including
inmigrant->immigrant
inmigrants->immigrants
innoculated->inoculated
inocence->innocence
inofficial->unofficial
inot->into
inpeach->impeach
inpolite->impolite
inprisonment->imprisonment
inproving->improving
insectiverous->insectivorous
insensative->insensitive
inseperable->inseparable
insistance->insistence
insitution->institution
insitutions->institutions
inspite->inspire
instade->instead
instatance->instance
insted->intead
institue->institute
instuction->instruction
instuments->instruments
instutionalized->institutionalized
instutions->intuitions
insurence->insurance
intelectual->intellectual
inteligence->intelligence
inteligent->intelligent
intenational->international
intented->intended
intepretation->interpretation
intepretator->interpretor
interational->international
interbread->interbred
interchangable->interchangeable
interchangably->interchangeably
intercontinetal->intercontinental
intered->interned
interelated->interrelated
interferance->interference
interfereing->interfering
intergrated->integrated
intergration->integration
interm->interim
internation->international
interpet->interpret
interrim->interim
interrugum->interregnum
intersted->interested
intertaining->entertaining
interupt->interrupt
intervines->intervenes
intevene->intervene
inthe->in the
intial->initial
intially->initially
intrduced->introduced
intrest->interest
introdued->introduced
intruduced->introduced
intrument->instrument
intrumental->instrumental
intruments->instruments
intrusted->entrusted
intutive->intuitive
intutively->intuitively
inudstry->industry
inumerable->innumerable
inventer->inventor
invertibrates->invertebrates
investingate->investigate
invisaged->envisaged
involvment->involvement
irelevent->irrelevant
iresistable->irresistible
iresistably->irresistibly
iresistible->irresistible
iresistibly->irresistibly
iritable->irritable
iritated->irritated
ironicly->ironically
irrelevent->irrelevant
irreplacable->irreplaceable
irresistable->irresistible
irresistably->irresistibly
isnt->isn't
issueing->issuing
itnroduced->introduced
iwll->will
iwth->with
january->January
jaques->jacques
jeapardy->jeopardy
jewllery->jewelery
jouney->journey
journied->journeyed
journies->journeys
jstu->just
jsut->just
judical->judicial
judisuary->judiciary
juducial->judicial
july->July
june->June
juristiction->jurisdiction
juristictions->jurisdictions
juste->just
kindergarden->kindergarten
knive->knife
knowlege->knowledge
knowlegeable->knowledgeable
knwo->know
knwos->knows
konw->know
konws->knows
kwno->know
labatory->laboratory
labled->labeled
labratory->laboratory
laguage->language
laguages->languages
larg->large
largst->largest
lastr->last
lateraly->laterally
lattitude->latitude
launchs->launches
launhed->launched
lavae->larvae
layed->laid
lazyness->laziness
leage->league
leanr->learn
leathal->lethal
lefted->left
legitamate->legitimate
legitmate->legitimate
lenght->length
leran->learn
lerans->learns
leutenant->lieutenant
levetate->levitate
levetated->levitated
levetates->levitates
levetating->levitating
levle->level
liasion->liaison
liason->liaison
liasons->liaisons
libary->library
libell->libel
libguistic->linguistic
libguistics->linguistics
lible->libel
librarry->library
librery->library
lieing->lying
liek->like
liekd->liked
liesure->leisure
lieuenant->lieutenant
liev->live
lieved->lived
liftime->lifetime
lightyear->light year
lightyears->light years
likelyhood->likelihood
likly->likely
linls->links
liquify->liquefy
liscense->license
lisence->license
lisense->license
listners->listeners
litature->literature
literture->literature
littel->little
litterally->literally
liuke->like
liveing->living
livley->lively
lmits->limits
loev->love
lonelyness->loneliness
longitudonal->longitudinal
lonley->lonely
lonly->lonely
loosing->losing
lsat->last
lukid->likud
lveo->love
lvoe->love
maching->matching
mackeral->mackerel
magasine->magazine
magincian->magician
magnificient->magnificent
magolia->magnolia
mailny->mainly
maintainance->maintenance
maintainence->maintenance
maintance->maintenance
maintenence->maintenance
maintinaing->maintaining
maintioned->mentioned
majoroty->majority
maked->marked
makeing->making
makse->makes
mamal->mammal
mamalian->mammalian
managable->manageable
managment->management
manisfestations->manifestations
manoeuverability->maneuverability
manouver->maneuver
manouverability->maneuverability
manouverable->maneuverable
manouvers->maneuvers
mantained->maintained
manuever->maneuver
manuevers->maneuvers
manufacturedd->manufactured
manufature->manufacture
manufatured->manufactured
manufaturing->manufacturing
manuscrit->manuscript
manuver->maneuver
mariage->marriage
marjority->majority
markes->marks
marketting->marketing
marmelade->marmalade
marrage->marriage
marraige->marriage
marrtyred->martyred
marryied->married
massmedia->mass media
masterbation->masturbation
mataphysical->metaphysical
materalists->materialist
mathamatics->mathematics
mathematican->mathematician
mathematicas->mathematics
matheticians->mathematicians
mathmatically->mathematically
mathmatician->mathematician
mathmaticians->mathematicians
mchanics->mechanics
meaninng->meaning
mechandise->merchandise
mechanim->mechanism
medacine->medicine
medeival->medieval
medevial->medieval
mediciney->mediciny
medievel->medieval
mediterainnean->mediterranean
meerkrat->meerkat
melieux->milieux
membranaphone->membranophone
memeber->member
menally->mentally
mercentile->mercantile
messanger->messenger
messenging->messaging
metalic->metallic
metalurgic->metallurgic
metalurgical->metallurgical
metalurgy->metallurgy
metamorphysis->metamorphosis
metaphoricial->metaphorical
meterologist->meteorologist
meterology->meteorology
methaphor->metaphor
methaphors->metaphors
micoscopy->microscopy
mileau->milieu
milennia->millennia
milennium->millennium
mileu->milieu
miliary->military
milion->million
miliraty->military
millenia->millennia
millenial->millennial
millenialism->millennialism
millenium->millennium
millepede->millipede
millioniare->millionaire
millitary->military
millon->million
miltary->military
minature->miniature
minerial->mineral
miniscule->minuscule
ministery->ministry
minstries->ministries
minstry->ministry
minumum->minimum
mirrorred->mirrored
miscelaneous->miscellaneous
miscellanious->miscellaneous
miscellanous->miscellaneous
mischeivous->mischievous
mischevious->mischievous
mischievious->mischievous
misdameanor->misdemeanor
misdameanors->misdemeanors
misdemenor->misdemeanor
misdemenors->misdemeanors
misfourtunes->misfortunes
misile->missile
mispell->misspell
mispelled->misspelled
mispelling->misspelling
missle->missile
missonary->missionary
misterious->mysterious
mistery->mystery
misteryous->mysterious
mkae->make
mkaes->makes
mkaing->making
mkea->make
mnay->many
moderm->modem
modle->model
moent->moment
moeny->money
mohammedans->muslims
moil->mohel
moil->soil
moleclues->molecules
momento->memento
monday->Monday
monestaries->monasteries
monestary->monastery
monickers->monikers
monolite->monolithic
montains->mountains
montanous->mountainous
monts->months
montypic->monotypic
moreso->more so
morgage->mortgage
morroccan->moroccan
morrocco->morocco
morroco->morocco
mosture->moisture
motiviated->motivated
movei->movie
movment->movement
mroe->more
mucuous->mucous
muder->murder
mudering->murdering
multiconstrained->multi-constrained
multicultralism->multiculturalism
multipled->multiplied
multiplers->multipliers
munbers->numbers
muncipalities->municipalities
muncipality->municipality
munnicipality->municipality
muscels->muscles
muscial->musical
muscician->musician
muscicians->musicians
mutiliated->mutilated
mutipl->multiple
mutiplication->multiplication
mutualy->mutually
myraid->myriad
mysef->myself
mysefl->myself
mysogynist->misogynist
mysogyny->misogyny
mysterous->mysterious
myu->my
naieve->naive
naturaly->naturally
naturely->naturally
naturual->natural
naturually->naturally
neccesarily->necessarily
neccesary->necessary
neccessarily->necessarily
neccessary->necessary
neccessities->necessities
necesarily->necessarily
necesary->necessary
necessarly->necessarily
necesserily->necessarily
necessiate->necessitate
neglible->negligible
negligable->negligible
negociate->negotiate
negociation->negotiation
negociations->negotiations
negotation->negotiation
neice->niece
neigborhood->neighborhood
neigbour->neighbor
neigbouring->neighboring
neigbours->neighbors
neolitic->neolithic
nessasarily->necessarily
neverthless->nevertheless
newletters->newsletters
ni->in
nickle->nickel
nightime->nighttime
nineth->ninth
ninteenth->nineteenth
ninties->nineties
ninty->ninety
nkow->know
nkwo->know
nmae->name
noncombatents->noncombatants
nonsence->nonsense
nontheless->nonetheless
noone->no one
norhern->northern
northen->northern
northereastern->northeastern
notabley->notably
noteable->notable
noteably->notably
noteriety->notoriety
noth->north
nothern->northern
noticable->noticeable
noticably->noticeably
noticeing->noticing
noticible->noticeable
notwhithstanding->notwithstanding
noveau->nouveau
november->November
nowdays->nowadays
nowe->now
nto->not
nucular->nuclear
nuculear->nuclear
nuisanse->nuisance
numberous->numerous
nusance->nuisance
nutritent->nutrient
nutritents->nutrients
nuturing->nurturing
nwe->new
nwo->now
obediance->obedience
obediant->obedient
obession->obsession
obssessed->obsessed
obstacal->obstacle
obstancles->obstacles
obstruced->obstructed
ocasion->occasion
ocasional->occasional
ocasionally->occasionally
ocasionaly->occasionally
ocasioned->occasioned
ocasions->occasions
ocassion->occasion
ocassional->occasional
ocassionally->occasionally
ocassionaly->occasionally
ocassioned->occasioned
ocassions->occasions
occaison->occasion
occaisonally->occasionally
occasionnally->occasionally
occassion->occasion
occassional->occasional
occassionally->occasionally
occassionaly->occasionally
occassioned->occasioned
occassions->occasions
occationally->occasionally
occour->occur
occurance->occurrence
occurances->occurrences
occured->occurred
occurence->occurrence
occurences->occurrences
occuring->occurring
occurr->occur
occurrance->occurrence
occurrances->occurrences
october->October
octohedra->octahedra
octohedral->octahedral
octohedron->octahedron
oculd->could
ocuntries->countries
ocuntry->country
ocur->occur
ocurr->occur
ocurrance->occurrence
ocurred->occurred
ocurrence->occurrence
offcers->officers
offcially->officially
offereings->offerings
offical->official
offically->officially
officals->officials
officaly->officially
officialy->officially
offred->offered
oftenly->often
oftne->often
oging->going
ohter->other
omision->omission
omited->omitted
omiting->omitting
omlette->omelette
ommision->omission
ommited->omitted
ommiting->omitting
ommitted->omitted
ommitting->omitting
omniverous->omnivorous
omniverously->omnivorously
omre->more
onot->not
onyl->only
openess->openness
oponent->opponent
oportunity->opportunity
opose->oppose
oposite->opposite
oposition->opposition
oppenly->openly
opperation->operation
oppinion->opinion
opponant->opponent
oppononent->opponent
oppositition->opposition
oppossed->opposed
opprotunity->opportunity
opression->oppression
opressive->oppressive
opthalmic->ophthalmic
opthalmologist->ophthalmologist
opthalmology->ophthalmology
opthamologist->ophthalmologist
optmizations->optimizations
optoin->option
optoins->options
optomism->optimism
organim->organism
organistion->organization
organiztion->organization
orgin->origin
orginal->original
orginally->originally
orginized->organized
oridinarily->ordinarily
origanaly->originally
originall->originally
originaly->originally
originially->originally
originnally->originally
origional->original
orignally->originally
orignially->originally
os->so
osme->some
osmething->something
ot->to
otehr->other
otu->out
ouevre->oeuvre
oustanding->outstanding
overthere->over there
overwelming->overwhelming
overwheliming->overwhelming
owrk->work
owudl->would
paitience->patience
palce->place
paleolitic->paleolithic
paliamentarian->parliamentarian
pallete->palette
pamflet->pamphlet
pamplet->pamphlet
pani->pain
pantomine->pantomime
paralel->parallel
paralell->parallel
paralelly->parallelly
paralely->parallelly
parallely->parallelly
paranthesis->parenthesis
paraphenalia->paraphernalia
parellels->parallels
parliment->parliament
parralel->parallel
parrallel->parallel
parrallell->parallel
parrallelly->parallelly
parrallely->parallelly
partialy->partially
particually->particularly
particualr->particular
particuarly->particularly
particularily->particularly
particulary->particularly
pased->passed
pasengers->passengers
passerbys->passersby
pasttime->pastime
pastural->pastoral
paticular->particular
pattented->patented
pavillion->pavilion
peacefuland->peaceful and
peageant->pageant
peculure->peculiar
pedestrain->pedestrian
peice->piece
penatly->penalty
penerator->penetrator
penisula->peninsula
penisular->peninsular
penninsula->peninsula
penninsular->peninsular
pennisula->peninsula
pensinula->peninsula
peom->poem
peoms->poems
peopel->people
peotry->poetry
percepted->perceived
percieve->perceive
percieved->perceived
perenially->perennially
perfomers->performers
performence->performance
performes->performs
perhasp->perhaps
perheaps->perhaps
perhpas->perhaps
peripathetic->peripatetic
peristent->persistent
perjery->perjury
perjorative->pejorative
permanant->permanent
permenant->permanent
permenantly->permanently
permissable->permissible
perogative->prerogative
peronal->personal
perosnality->personality
perphas->perhaps
perpindicular->perpendicular
perseverence->perseverance
persistance->persistence
persistant->persistent
personel->personnel
personell->personnel
personelle->personnel
personnal->personal
personnell->personnel
persuded->persuaded
persue->pursue
persued->pursued
persuing->pursuing
persuit->pursuit
persuits->pursuits
pertubation->perturbation
pertubations->perturbations
petetion->petition
phenomenom->phenomenon
phenomenonal->phenomenal
phenomenonly->phenomenally
phenomonenon->phenomenon
phenomonon->phenomenon
phenonmena->phenomena
philisopher->philosopher
philisophical->philosophical
philisophy->philosophy
phillosophically->philosophically
philospher->philosopher
philosphies->philosophies
philosphy->philosophy
phongraph->phonograph
phylosophical->philosophical
physicaly->physically
pilgrimmage->pilgrimage
pilgrimmages->pilgrimages
pinapple->pineapple
pinnaple->pineapple
pinoneered->pioneered
plagarism->plagiarism
planation->plantation
plantiff->plaintiff
plateu->plateau
plausable->plausible
playright->playwright
playwrite->playwright
playwrites->playwrights
pleasent->pleasant
plebicite->plebiscite
plesant->pleasant
poeple->people
poety->poetry
poisin->poison
poitn->point
polical->political
polinator->pollinator
polinators->pollinators
politican->politician
politicans->politicians
poltical->political
polute->pollute
poluted->polluted
polutes->pollutes
poluting->polluting
polution->pollution
polysaccaride->polysaccharide
polysaccharid->polysaccharide
pomegranite->pomegranate
pomotion->promotion
poportional->proportional
popoulation->population
popularaty->popularity
populare->popular
populer->popular
porblem->problem
portait->portrait
portayed->portrayed
portraing->portraying
portuguease->portuguese
portugues->Portuguese
posess->possess
posessed->possessed
posesses->possesses
posessing->possessing
posession->possession
posessions->possessions
posion->poison
positon->position
possable->possible
possably->possibly
posseses->possesses
possesing->possessing
possesion->possession
possessess->possesses
possibile->possible
possibilty->possibility
possiblility->possibility
possiblilty->possibility
possiblities->possibilities
possiblity->possibility
possition->position
posthomous->posthumous
postion->position
postive->positive
potatos->potatoes
potrait->portrait
potrayed->portrayed
poulations->populations
poweful->powerful
powerfull->powerful
practial->practical
practially->practically
practicaly->practically
practicioner->practitioner
practicioners->practitioners
practicly->practically
practioner->practitioner
practioners->practitioners
prarie->prairie
praries->prairies
pratice->practice
preample->preamble
precedessor->predecessor
preceed->precede
preceeded->preceded
preceeding->preceding
preceeds->precedes
precentage->percentage
precice->precise
precisly->precisely
precurser->precursor
predecesors->predecessors
predicatble->predictable
predicitons->predictions
predomiantly->predominately
prefered->preferred
prefering->preferring
preferrably->preferably
prefixs->prefixes
pregancies->pregnancies
preiod->period
preliferation->proliferation
premeire->premiere
premeired->premiered
premillenial->premillennial
preminence->preeminence
premission->permission
preocupation->preoccupation
prepair->prepare
prepartion->preparation
prepatory->preparatory
preperation->preparation
preperations->preparations
preriod->period
presedential->presidential
presense->presence
presidenital->presidential
presidental->presidential
presitgious->prestigious
prespective->perspective
prestigeous->prestigious
prestigous->prestigious
presumabely->presumably
presumibly->presumably
pretection->protection
prevelant->prevalent
preverse->perverse
previvous->previous
pricipal->principal
priciple->principle
priestood->priesthood
primarly->primarily
primative->primitive
primatively->primitively
primatives->primitives
primordal->primordial
priveledges->privileges
privelege->privilege
priveleged->privileged
priveleges->privileges
privelige->privilege
priveliged->privileged
priveliges->privileges
privelleges->privileges
privilage->privilege
priviledge->privilege
priviledges->privileges
privledge->privilege
privte->private
probabilaty->probability
probablistic->probabilistic
probablly->probably
probalibity->probability
probaly->probably
probelm->problem
proble->problem
proccess->process
proccessing->processing
procede->proceed
proceded->proceeded
procedes->proceeds
procedger->procedure
proceding->proceeding
procedings->proceedings
proceedure->procedure
proces->process
processer->processor
proclaimation->proclamation
proclamed->proclaimed
proclaming->proclaiming
proclomation->proclamation
profesion->profession
profesor->professor
professer->professor
proffesed->professed
proffesion->profession
proffesional->professional
proffesor->professor
profilic->prolific
progessed->progressed
programable->programmable
progrom->program
progroms->programs
prohabition->prohibition
prologomena->prolegomena
prominance->prominence
prominant->prominent
prominantly->prominently
prominately->prominently
promiscous->promiscuous
promotted->promoted
pronomial->pronominal
pronouced->pronounced
pronounched->pronounced
pronounciation->pronunciation
proove->prove
prooved->proved
prophacy->prophecy
propietary->proprietary
propmted->prompted
propoganda->propaganda
propogate->propagate
propogates->propagates
propogation->propagation
propostion->proposition
propotions->proportions
propper->proper
propperly->properly
proprietory->proprietary
proseletyzing->proselytizing
protaganist->protagonist
protaganists->protagonists
protocal->protocol
protoganist->protagonist
protoge->protege
protrayed->portrayed
protruberance->protuberance
protruberances->protuberances
prouncements->pronouncements
provacative->provocative
provded->provided
provicial->provincial
provinicial->provincial
provisionning->provisioning
provisiosn->provision
provisonal->provisional
proximty->proximity
pseudononymous->pseudonymous
pseudonyn->pseudonym
psuedo->pseudo
psycology->psychology
psyhic->psychic
publically->publicly
publicaly->publicly
puchasing->purchasing
pumkin->pumpkin
puritannical->puritanical
purposedly->purposely
purpotedly->purportedly
pursuade->persuade
pursuaded->persuaded
pursuades->persuades
pususading->persuading
puting->putting
pwoer->power
quantitiy->quantity
quarantaine->quarantine
quater->quarter
queing->queuing
questoin->question
questonable->questionable
quinessential->quintessential
quitted->quit
quizes->quizzes
qutie->quite
rabinnical->rabbinical
racaus->raucous
radiactive->radioactive
radify->ratify
raelly->really
rarified->rarefied
reaccurring->recurring
reachibility->reachability
reacing->reaching
reacll->recall
readmition->readmission
realitvely->relatively
realsitic->realistic
realtions->relations
realy->really
realyl->really
reasearch->research
reasonnable->reasonable
rebiulding->rebuilding
rebllions->rebellions
rebounce->rebound
reccomend->recommend
reccomendations->recommendations
reccomended->recommended
reccomending->recommending
reccommend->recommend
reccommended->recommended
reccommending->recommending
reccuring->recurring
receeded->receded
receeding->receding
receieve->receive
receivedfrom->received from
recepient->recipient
recepients->recipients
receving->receiving
rechargable->rechargeable
reched->reached
recide->reside
recided->resided
recident->resident
recidents->residents
reciding->residing
reciepents->recipients
reciept->receipt
recieve->receive
recieved->received
reciever->receiver
recievers->receivers
recieves->receives
recieving->receiving
recipiant->recipient
recipiants->recipients
recived->received
recivership->receivership
recogise->recognise
recogize->recognize
recomend->recommend
recomended->recommended
recomending->recommending
recomends->recommends
recommedations->recommendations
reconaissance->reconnaissance
reconcilation->reconciliation
reconize->recognize
reconized->recognized
reconnaisance->reconnaissance
reconnaissence->reconnaissance
recontructed->reconstructed
recordproducer->record producer
recquired->required
recrational->recreational
recrod->record
recuiting->recruiting
recuring->recurring
recurrance->recurrence
rediculous->ridiculous
redondancy->redundancy
redondant->redundant
reedeming->redeeming
reenforced->reinforced
refect->reflect
refedendum->referendum
referal->referral
refered->referred
referiang->referring
refering->referring
refernces->references
referrence->reference
referrs->refers
reffered->referred
refference->reference
refrence->reference
refrences->references
refrers->refers
refridgeration->refrigeration
refridgerator->refrigerator
refromist->reformist
refusla->refusal
regardes->regards
regluar->regular
reguarly->regularly
regulaion->regulation
regulaotrs->regulators
regularily->regularly
rehersal->rehearsal
reicarnation->reincarnation
reigining->reigning
reknown->renown
reknowned->renowned
rela->real
relaly->really
relatiopnship->relationship
relativly->relatively
relectant->reluctant
relected->reelected
releive->relieve
releived->relieved
releiver->reliever
releses->releases
relevence->relevance
relevent->relevant
reliablity->reliability
relient->reliant
religeous->religious
religous->religious
religously->religiously
relinqushment->relinquishment
relitavely->relatively
relized->realized
relpacement->replacement
remaing->remaining
remeber->remember
rememberable->memorable
rememberance->remembrance
remembrence->remembrance
remenant->remnant
remenicent->reminiscent
reminent->remnant
reminescent->reminiscent
reminscent->reminiscent
reminsicent->reminiscent
rendevous->rendezvous
rendezous->rendezvous
renewl->renewal
rennovate->renovate
rennovated->renovated
rennovating->renovating
rennovation->renovation
rentors->renters
reoccurrence->recurrence
repatition->repartition
repect->respect
repentence->repentance
repentent->repentant
repeteadly->repeatedly
repetion->repetition
reponse->response
reponsible->responsible
reportadly->reportedly
represantative->representative
representive->representative
representives->representatives
reproducable->reproducible
reprtoire->repertoire
repsectively->respectively
reptition->repetition
requirment->requirement
requirments->requirements
requred->required
resaurant->restaurant
resembelance->resemblance
resembes->resembles
resemblence->resemblance
resevoir->reservoir
residental->residential
resignement->resignment
resistable->resistible
resistence->resistance
resistent->resistant
respectivly->respectively
responce->response
respondible->responsible
responibilities->responsibilities
responisble->responsible
responnsibilty->responsibility
responsability->responsibility
responsibile->responsible
responsibilites->responsibilities
responsiblity->responsibility
ressemblance->resemblance
ressemble->resemble
ressembled->resembled
ressemblence->resemblance
ressembling->resembling
resssurecting->resurrecting
ressurect->resurrect
ressurected->resurrected
ressurection->resurrection
ressurrection->resurrection
restarant->restaurant
restarants->restaurants
restaraunt->restaurant
restaraunteur->restaurateur
restaraunteurs->restaurateurs
restaraunts->restaurants
restauranteurs->restaurateurs
restauration->restoration
restauraunt->restaurant
resteraunt->restaurant
resteraunts->restaurants
resticted->restricted
restraunt->restaurant
resturant->restaurant
resturants->restaurants
resturaunt->restaurant
resturaunts->restaurants
resurecting->resurrecting
retalitated->retaliated
retalitation->retaliation
retreive->retrieve
returnd->returned
revaluated->reevaluated
reveral->reversal
reversable->reversible
revolutionar->revolutionary
rewitten->rewritten
rewriet->rewrite
rhymme->rhyme
rhythem->rhythm
rhythim->rhythm
rhytmic->rhythmic
rigourous->rigorous
rininging->ringing
rised->rose
ro->or
rocord->record
roomate->roommate
rougly->roughly
rucuperate->recuperate
rudimentatry->rudimentary
rulle->rule
runing->running
russian->Russian
russina->Russian
rwite->write
rythem->rhythm
rythim->rhythm
rythm->rhythm
rythmic->rhythmic
rythyms->rhythms
sacrafice->sacrifice
sacreligious->sacrilegious
sacrifical->sacrificial
saftey->safety
safty->safety
salery->salary
sanctionning->sanctioning
sandwhich->sandwich
santioned->sanctioned
sargant->sergeant
sargeant->sergeant
sasy->says
satelite->satellite
satelites->satellites
satisfactority->satisfactorily
satric->satiric
satrical->satirical
satrically->satirically
sattelite->satellite
sattelites->satellites
saturday->Saturday
saught->sought
saveing->saving
saxaphone->saxophone
scaleable->scalable
scandanavia->Scandinavia
scaricity->scarcity
scavanged->scavenged
sceptical->skeptical 
schedual->schedule
scholarhip->scholarship
scholarstic->scholastic
scientfic->scientific
scientifc->scientific
scientis->scientist
scince->science
scinece->science
scirpt->script
scoll->scroll
screenwrighter->screenwriter
scrutinity->scrutiny
scuptures->sculptures
seach->search
seached->searched
seaches->searches
secceeded->seceded
seceed->secede
seceeded->seceded
secratary->secretary
secretery->secretary
seeked->sought
segementation->segmentation
seh->she
seige->siege
seing->seeing
seinor->senior
seldomly->seldom
selectoin->selection
senarios->scenarios
senstive->sensitive
sensure->censure
sentance->sentence
sepcific->specific
sepcify->specify
seperate->separate
seperated->separated
seperately->separately
seperates->separates
seperating->separating
seperation->separation
seperatism->separatism
seperatist->separatist
september->September
sergent->sergeant
settelement->settlement
settlment->settlement
severeal->several
severley->severely
severly->severely
sevice->service
shamen->shaman
sheat->sheath
sheild->shield
sherif->sheriff
shineing->shining
shiped->shipped
shiping->shipping
shorly->shortly
shoudl->should
shouldnt->shouldn't
si->is
sicne->since
sieze->seize
siezed->seized
siezing->seizing
siezure->seizure
siezures->seizures
siginificant->significant
signficant->significant
signficiant->significant
signfies->signifies
signifantly->significantly
significently->significantly
signifigant->significant
signifigantly->significantly
signitories->signatories
signitory->signatory
similarily->similarly
similiar->similar
similiarity->similarity
similiarly->similarly
simmilar->similar
simpley->simply
simplier->simpler
simulatation->simulation
simultanous->simultaneous
simultanously->simultaneously
simultion->simulation
sincerley->sincerely
skateing->skating
slaugterhouses->slaughterhouses
slowy->slowly
smae->same
smoe->some
sobor->sober
socalism->socialism
socities->societies
soem->some
sofware->software
sohw->show
soilders->soldiers
solatary->solitary
soley->solely
soliders->soldiers
soliliquy->soliloquy
soluable->soluble
somehting->something
somene->someone
somethign->something
somtimes->sometimes
somwhere->somewhere
sophicated->sophisticated
sophmore->sophomore
sorceror->sorcerer
sotry->story
sotyr->story
soudn->sound
soudns->sounds
sould->should
sountrack->soundtrack
sourth->south
sourthern->southern
souvenier->souvenir
souveniers->souvenirs
soveits->soviets
sovereignity->sovereignty
soverign->sovereign
soverignity->sovereignty
soverignty->sovereignty
spainish->Spanish
spanish->Spanish
specfic->specific
speciallized->specialized
specifiying->specifying
speciman->specimen
spectauclar->spectacular
spectaulars->spectaculars
spects->aspects
spectum->spectrum
speices->species
speicfic->specific
spermatozoan->spermatozoon
splitted->split
sponsered->sponsored
spontanous->spontaneous
spoonfulls->spoonfuls
spred->spread
spriritual->spiritual
spritual->spiritual
sqare->square
sqaure->square
stablility->stability
stainlees->stainless
staion->station
staisfying->satisfying
standars->standards
stange->strange
startegic->strategic
startegies->strategies
startegy->strategy
stateman->statesman
statememts->statements
statment->statement
steriods->steroids
sterotypes->stereotypes
stingent->stringent
stiring->stirring
stirrs->stirs
stlye->style
stnad->stand
stong->strong
stopry->story
storeis->stories
storise->stories
stoyr->story
stpo->stop
straighforward->straightforward
strat->start
stregth->strength
strenghen->strengthen
strenghened->strengthened
strenghening->strengthening
strenght->strength
strenghten->strengthen
strenghtened->strengthened
strenghtening->strengthening
strenghts->strengths
strengtened->strengthened
strenous->strenuous
strentgh->strength
strictist->strictest
strikely->strikingly
strnad->strand
stroy->story
structual->structural
strucuture->structure
struggel->struggle
stubborness->stubbornness
stucture->structure
stuctured->structured
studdy->study
studing->studying
stuggling->struggling
sturcture->structure
subcatagories->subcategories
subcatagory->subcategory
subconsiously->subconsciously
subjudgation->subjugation
submachne->submachine
subpecies->subspecies
subsidary->subsidiary
subsiduary->subsidiary
subsquent->subsequent
subsquently->subsequently
substace->substance
substancial->substantial
substatial->substantial
substituded->substituted
substract->subtract
substracted->subtracted
substracting->subtracting
substraction->subtraction
substracts->subtracts
subtances->substances
succceeded->succeeded
succcesses->successes
succedded->succeeded
succeded->succeeded
succeds->succeeds
succesful->successful
succesfully->successfully
succesfuly->successfully
succesion->succession
succesive->successive
successfull->successful
successully->successfully
succsess->success
succsessfull->successful
suceed->succeed
suceeded->succeeded
suceeding->succeeding
suceeds->succeeds
sucesful->successful
sucesfully->successfully
sucesfuly->successfully
sucesion->succession
sucess->success
sucesses->successes
sucessful->successful
sucessfull->successful
sucessfully->successfully
sucessfuly->successfully
sucession->succession
sucessive->successive
sucessor->successor
sucide->suicide
sucidial->suicidal
sufferage->suffrage
sufferred->suffered
sufferring->suffering
sufficent->sufficient
sufficently->sufficiently
sumary->summary
sunday->Sunday
sunglases->sunglasses
suop->soup
superceeded->superseded
superintendant->superintendent
suphisticated->sophisticated
suplimented->supplemented
supose->suppose
suposed->supposed
suposedly->supposedly
suposes->supposes
suposing->supposing
supplamented->supplemented
suppliementing->supplementing
suppoed->supposed
supposingly->supposedly
suppy->supply
supress->suppress
supressed->suppressed
supresses->suppresses
supressing->suppressing
suprise->surprise
suprised->surprised
suprising->surprising
suprisingly->surprisingly
suprize->surprise
suprized->surprised
suprizing->surprising
suprizingly->surprisingly
surfce->surface
surley->surely
suround->surround
surounded->surrounded
surounding->surrounding
suroundings->surroundings
surounds->surrounds
surplanted->supplanted
surpress->suppress
surpressed->suppressed
surprize->surprise
surprized->surprised
surprizing->surprising
surprizingly->surprisingly
surrended->surrendered
surrepetitious->surreptitious
surrepetitiously->surreptitiously
surreptious->surreptitious
surreptiously->surreptitiously
surronded->surrounded
surrouded->surrounded
surrouding->surrounding
surrundering->surrendering
surveilence->surveillance
surveill->surveil
surveyer->surveyor
survivers->survivors
survivied->survived
suseptable->susceptible
suseptible->susceptible
suspention->suspension
swaer->swear
swaers->swears
swepth->swept
swich->switch
swiming->swimming
syas->says
symetrical->symmetrical
symetrically->symmetrically
symetry->symmetry
symettric->symmetric
symmetral->symmetric
symmetricaly->symmetrically
synagouge->synagogue
syncronization->synchronization
synonomous->synonymous
synonymns->synonyms
synphony->symphony
syphyllis->syphilis
sypmtoms->symptoms
syrap->syrup
sysmatically->systematically
sytem->system
sytle->style
tabacco->tobacco
tahn->than
taht->that
talekd->talked
targetted->targeted
targetting->targeting
tast->taste
tath->that
tattooes->tattoos
taxanomic->taxonomic
taxanomy->taxonomy
techician->technician
techicians->technicians
techiniques->techniques
technitian->technician
technnology->technology
technolgy->technology
teh->the
tehy->they
telelevision->television
televsion->television
telphony->telephony
temerature->temperature
temparate->temperate
temperarily->temporarily
temperment->temperament
tempertaure->temperature
temperture->temperature
temprary->temporary
tenacle->tentacle
tenacles->tentacles
tendacy->tendency
tendancies->tendencies
tendancy->tendency
tepmorarily->temporarily
terrestial->terrestrial
terriories->territories
terriory->territory
territoy->territory
terroist->terrorist
testiclular->testicular
tghe->the
thansk->thanks
thast->that
theather->theater
theese->these
theif->thief
theives->thieves
themselfs->themselves
themslves->themselves
ther->there
therafter->thereafter
therby->thereby
theri->their
thgat->that
thge->the
thier->their
thign->thing
thigns->things
thigsn->things
thikn->think
thikning->thinking
thikns->thinks
thinkin->thinking
thiunk->think
thme->them
thn->then
thna->than
thne->then
thnig->thing
thnigs->things
thoughout->throughout
threatend->threatened
threatning->threatening
threee->three
threshhold->threshold
thrid->third
throrough->thorough
throughly->thoroughly
througout->throughout
thru->through
thsi->this
thsoe->those
thta->that
thursday->Thursday
thyat->that
ti->it
tiem->time
tihkn->think
tihs->this
timne->time
tiome->time
tipical->typical
tipically->typically
tje->the
tjhe->the
tkae->take
tkaes->takes
tkaing->taking
tlaking->talking
tobbaco->tobacco
todays->today's
todya->today
toghether->together
tolerence->tolerance
tomatos->tomatoes
tommorow->tomorrow
tommorrow->tomorrow
tongiht->tonight
tonihgt->tonight
toriodal->toroidal
tormenters->tormentors
torpeados->torpedoes
torpedos->torpedoes
tothe->to the
toubles->troubles
tounge->tongue
tourch->touch
towords->towards
towrad->toward
tpyo->typo
tradionally->traditionally
traditionaly->traditionally
traditionnal->traditional
traditionnally->traditionally
traditionnaly->traditionally
traditition->tradition
tradtionally->traditionally
trafficed->trafficked
trafficing->trafficking
trafic->traffic
trancendent->transcendent
trancending->transcending
tranform->transform
tranformed->transformed
transcendance->transcendence
transcendant->transcendent
transcripting->transcribing
transending->transcending
transesxuals->transsexuals
transfering->transferring
transformaton->transformation
transimission->transmission
transimissions->transmissions
transistion->transition
translater->translator
translaters->translators
transmissable->transmissible
transporation->transportation
tremelo->tremolo
tremelos->tremolos
trhough->through
trhoughout->throughout
triology->trilogy
troling->trolling
troup->troupe
troups->troupes
truely->truly
trustworthyness->trustworthiness
tuesday->Tuesday
turnk->trunk
tust->trust
twelth->twelfth
twon->town
twpo->two
tyhat->that
tyhe->the
tyhe->they
typcial->typical
typicaly->typically
tyranies->tyrannies
tyrany->tyranny
tyrranies->tyrannies
tyrrany->tyranny
ubiquitious->ubiquitous
uise->use
ultimely->ultimately
unacompanied->unaccompanied
unahppy->unhappy
unanymous->unanimous
unavailible->unavailable
unballance->unbalance
unbeleivable->unbelievable
uncertainity->uncertainty
unchallengable->unchallengeable
unchangable->unchangeable
uncompetive->uncompetitive
unconcious->unconscious
unconciousness->unconsciousness
uncontitutional->unconstitutional
unconvential->unconventional
undecideable->undecidable
undesireable->undesirable
undetecable->undetectable
undoubtely->undoubtedly
undreground->underground
uneccesary->unnecessary
unecessary->unnecessary
unequalities->inequalities
unforetunately->unfortunately
unforgetable->unforgettable
unforgiveable->unforgivable
unfortunatley->unfortunately
unfortunatly->unfortunately
unfourtunately->unfortunately
unihabited->uninhabited
unilateraly->unilaterally
unilatreal->unilateral
unilatreally->unilaterally
uninterruped->uninterrupted
uninterupted->uninterrupted
univeral->universal
univeristies->universities
univeristy->university
univerity->university
universtiy->university
univesities->universities
univesity->university
unkown->unknown
unlikey->unlikely
unmanouverable->unmaneuverable
unmistakeably->unmistakably
unneccesarily->unnecessarily
unneccesary->unnecessary
unneccessarily->unnecessarily
unneccessary->unnecessary
unnecesarily->unnecessarily
unnecesary->unnecessary
unoffical->unofficial
unoperational->nonoperational
unoticeable->unnoticeable
unplease->displease
unplesant->unpleasant
unprecendented->unprecedented
unprecidented->unprecedented
unrepentent->unrepentant
unrepetant->unrepentant
unrepetent->unrepentant
unsed->unused
unsubstanciated->unsubstantiated
unsuccesful->unsuccessful
unsuccesfully->unsuccessfully
unsuccessfull->unsuccessful
unsucesful->unsuccessful
unsucesfuly->unsuccessfully
unsucessful->unsuccessful
unsucessfull->unsuccessful
unsucessfully->unsuccessfully
unsuprised->unsurprised
unsuprising->unsurprising
unsuprisingly->unsurprisingly
unsuprized->unsurprised
unsuprizing->unsurprising
unsuprizingly->unsurprisingly
unsurprized->unsurprised
unsurprizing->unsurprising
unsurprizingly->unsurprisingly
untill->until
untranslateable->untranslatable
unuseable->unusable
unusuable->unusable
unviersity->university
unwarrented->unwarranted
unweildly->unwieldy
unwieldly->unwieldy
upcomming->upcoming
usally->usually
useage->usage
usefull->useful
usefuly->usefully
useing->using
usualy->usually
ususally->usually
vaccum->vacuum
vacinity->vicinity
vacumme->vacuum
vaguaries->vagaries
vaieties->varieties
vailidty->validity
valetta->valletta
valuble->valuable
valueable->valuable
varations->variations
varient->variant
variey->variety
varing->varying
varities->varieties
varity->variety
vasall->vassal
vasalls->vassals
vegatarian->vegetarian
vegtable->vegetable
venemous->venomous
vengance->vengeance
vengence->vengeance
verfication->verification
verison->version
verisons->versions
vermillion->vermilion
versitilaty->versatility
versitlity->versatility
vetween->between
veyr->very
vidoe->video
vigilence->vigilance
vigourous->vigorous
villian->villain
villification->vilification
villify->vilify
villin->villain
vincinity->vicinity
virtualy->virtually
virutal->virtual
virutally->virtually
visable->visible
visably->visibly
visting->visiting
vistors->visitors
vitories->victories
volontary->voluntary
volonteer->volunteer
volonteered->volunteered
volonteering->volunteering
volonteers->volunteers
volounteer->volunteer
volounteered->volunteered
volounteering->volunteering
volounteers->volunteers
vrey->very
waht->what
wardobe->wardrobe
warrent->warrant
wasnt->wasn't
wass->was
watn->want
wayword->wayward
weaponary->weaponry
weas->was
wednesday->Wednesday
wehn->when
weigth->weight
weild->wield
weilded->wielded
wekeend->weekend
wendsay->Wednesday
wensday->Wednesday
wereabouts->whereabouts
whcih->which
wheras->whereas
wherease->whereas
whereever->wherever
whic->which
whihc->which
whith->with
whn->when
wholy->wholly
whta->what
whther->whether
wich->which
widesread->widespread
wief->wife
wierd->weird
wifi->Wi-Fi
wih->with
wihch->which
wiht->with
wille->will
willingless->willingness
wimax->WiMax
windoes->windows
wirting->writing
withdrawl->withdrawal
withe->with
witheld->withheld
withing->within
withold->withhold
witn->with
wiull->will
wnat->want
wnated->wanted
wnats->wants
woh->who
wohle->whole
wokr->work
wokring->working
wonderfull->wonderful
wordlwide->worldwide
workststion->workstation
worls->world
worstened->worsened
worte->wrote
woudl->would
wresters->wrestlers
wriet->write
writen->written
wrod->word
wroet->wrote
wrok->work
wroking->working
ws->was
wtih->with
wya->way
yacth->yacht
yeasr->years
yeild->yield
yeilding->yielding
yera->year
yeras->years
yersa->years
